name,honor,class,LWHonor,standing,rank,rankProgress,RP
Secretive,325663,HUNTER,202839,247,8,0.74509808328003,33726
Machcia,63925,WARRIOR,711401,47,11,0.59215689776465,47961
Viax,53501,MAGE,287104,258,6,0.11372549692169,20569
Rivenqt,52316,WARRIOR,711758,28,12,0.60392160434276,53020
Arkie,51038,PRIEST,711739,31,12,0.71764710126445,53589
Cazey,50607,PRIEST,563695,86,10,0.27058825129643,41353
Guozu,48279,HUNTER,489911,113,11,0.058823532890528,45295
Realglory,47449,WARRIOR,552742,90,10,0.58431376004592,42922
Apani,43590,ROGUE,333465,211,9,0.45098041882738,37255
Berenok,43562,MAGE,600000,71,10,0.81960789160803,44099
Moonassi,43443,WARLOCK,653572,57,11,0.74509808328003,48726
Walterweight,42717,WARRIOR,436856,137,8,0.38431374821812,31922
Pwnmachine,41468,MAGE,711410,46,11,0.88235299335793,49412
Mahesvara,41272,WARRIOR,800013,8,13,0.25098040699959,56255
Schmecko,40802,WARRIOR,476834,117,10,0.80784318502992,44040
Caocai,40297,DRUID,711810,26,12,0.40000002365559,52001
Lightmoon,40285,MAGE,712633,19,12,0.37254904164001,51863
Grunion,40214,HUNTER,800012,9,13,0.41568629909307,57079
Desolate,39818,WARRIOR,711718,37,10,0.59607846662402,42981
Necrophos,39228,HUNTER,288564,255,11,0.23921570042148,46197
Datne,38486,WARRIOR,711750,29,12,0.52549022715539,52628
Brummispet,37911,MAGE,803,5812,1,0.80784318502992,0
Barmaleika,37766,PRIEST,373814,175,10,0.25882354471833,41295
Thefool,37445,WARRIOR,646416,58,9,0.27058825129643,36353
Lulude,37344,MAGE,432758,140,11,0.61960787978023,48099
Johnxo,37300,WARRIOR,800029,3,13,0.55294120917097,57765
Saphyr,36586,MAGE,145496,978,6,0.83137259818614,24157
Ates,36120,WARRIOR,168134,812,5,0.50588238285854,17530
Eyu,36083,ROGUE,367555,183,11,0.6235294486396,48118
Yanggege,35971,HUNTER,151605,928,5,0.28627452673391,16432
Perfects,35764,MAGE,712130,23,12,0.33333335304633,51667
Hanwodajiba,35532,MAGE,437388,136,9,0.12941177235916,35648
Inlyne,35519,PALADIN,711741,30,11,0.039215688593686,45197
Oksana,35273,HUNTER,583607,76,10,0.49019610742107,42451
Jasminli,34782,ROGUE,538902,97,6,0.92156868195161,24608
Immortalius,34255,WARRIOR,711738,33,9,0.16862746095285,35844
Rumba,33465,WARLOCK,800000,12,12,0.73725494556129,53687
Arrimurri,33322,PRIEST,556132,88,9,0.070588239468634,35353
Ouyangfeng,33279,PALADIN,236482,370,8,0.40784316137433,32040
Fireshoter,32848,MAGE,195280,652,8,0.16078432323411,30804
Nuotai,32841,HUNTER,711727,35,11,0.46666669426486,47334
Huanledou,32762,MAGE,546569,94,10,0.91372554423288,44569
Slaanesh,32613,PALADIN,711934,24,12,0.71764710126445,53589
Masulanius,32488,PALADIN,240014,352,6,0.50196081399918,22510
Sahula,32464,MAGE,712347,21,12,0.90196083765477,54510
Dreamangel,32252,WARRIOR,530126,100,11,0.34117649076507,46706
Naisuisui,32178,MAGE,711499,42,11,0.3490196284838,46746
Shelly,32170,WARRIOR,625916,62,11,0.035294119734317,45177
Chuiniulaoge,32014,PALADIN,300205,239,4,0.37647061049938,11883
Giggs,31923,WARRIOR,369917,181,8,0.85098044248298,34255
Hanmei,31844,PRIEST,711728,34,12,0.5490196403116,52746
Gyration,31666,ROGUE,549345,91,10,0.63921572407708,43197
Lyhkgdzjx,31522,WARLOCK,414893,151,7,0.91372554423288,29569
Axww,31230,HUNTER,205005,586,6,0.086274514906108,20432
Yurans,31055,WARRIOR,279129,267,8,0.58039219118655,32902
Neiff,30471,MAGE,419972,146,9,0.71764710126445,38589
Beback,29818,ROGUE,140953,1008,4,0.058823532890528,10295
Aivi,29174,ROGUE,799999,14,13,0.10588235920295,55530
Monicayan,29163,WARLOCK,690805,54,11,0.8980392687954,49491
Herko,29032,HUNTER,711739,32,10,0.39215688593686,41961
Douhuastyle,28766,WARLOCK,99652,1431,4,0.6980392569676,13491
Maomao,28467,WARRIOR,712659,18,12,0.031372550874949,50157
Dino,28251,HUNTER,800020,6,13,0.73333337670192,58667
Wbw,27972,DRUID,257946,305,10,0.23137256270275,41157
Eulogize,27959,WARRIOR,711702,39,11,0.56470591574907,47824
Moonshell,27765,ROGUE,142991,998,4,0.78039220301434,13902
Habihenliu,27748,WARRIOR,711203,50,10,0.02745098201558,40138
Redok,27722,WARRIOR,469129,125,6,0.02745098201558,20138
Xiaominglu,27558,ROGUE,172387,784,4,0.89019613107666,14451
Madina,27192,WARLOCK,711412,45,11,0.38823531707749,46942
Backworld,26956,PALADIN,530124,101,9,0.043137257453054,35216
Hcx,26934,HUNTER,28044,2806,3,0.6117647420615,8059
Carling,26915,WARRIOR,254257,315,6,0.37254904164001,21863
Cs,26663,WARRIOR,274285,272,11,0.63137258635834,48157
Longxian,26445,MAGE,574485,78,10,0.3490196284838,41746
Bodayejieyi,26343,ROGUE,78046,1711,6,0.074509808328003,20373
Ryancheng,26205,WARRIOR,405944,156,11,0.14901961665601,45746
Lickmycrit,26074,HUNTER,20503,3074,9,0.4117647302337,37059
Newdream,26017,MAGE,292622,248,8,0.10588235920295,30530
Myato,26009,DRUID,711673,40,11,0.8352941670455,49177
Hinuky,25769,WARRIOR,711488,44,12,0.090196083765477,50451
Mome,25649,DRUID,572855,80,10,0.67843141267076,43393
Oolloo,25525,HUNTER,48614,2201,4,0.15294118551537,10765
Jiangjun,25330,WARRIOR,714568,17,12,0.05490196403116,50275
Steinhard,25323,WARRIOR,621,0,2,0.047058826312423,2142
Wdgaf,25192,WARRIOR,40768,2402,6,0.066666670609266,20334
Broxsis,24270,WARRIOR,603660,67,10,0.58431376004592,42922
Dabes,24052,WARRIOR,716874,15,11,0.0078431377187371,45040
Themaple,23897,MAGE,220887,459,4,0.65882356837392,13295
Nvzhujue,23862,WARRIOR,18919,3128,4,0.17647059867159,10883
Ttiger,23813,PALADIN,504255,108,10,0.098039221484214,40491
Miic,23729,ROGUE,287090,259,7,0.9607843705453,29804
Beibei,23582,HUNTER,710030,52,11,0.043137257453054,45216
Ailsa,23453,PRIEST,417308,149,11,0.30196080217138,46510
Minicouette,23420,MAGE,65110,1905,6,0.76470592757687,23824
Minamotono,22920,ROGUE,2921,0,1,0.14509804779664,0
Axxao,22901,HUNTER,628782,61,11,0,45000
Blair,22850,WARLOCK,477289,116,11,0.29803923331201,46491
Zerozerich,22824,WARRIOR,111545,1299,4,0.10588235920295,10530
Popmusic,22809,WARRIOR,452144,132,9,0.66666670609266,38334
Fakeyoulol,22775,MAGE,169614,802,4,0.20392158068717,11020
Magicgov,22351,WARRIOR,91335,1529,5,0.047058826312423,15236
Zypro,22291,MAGE,421098,144,8,0.9607843705453,34804
Voxy,22271,HUNTER,478879,115,10,0.77254906529561,43863
Jimmyrucka,22210,ROGUE,296596,242,6,0.32156864646822,21608
Xiaobudian,22159,MAGE,167175,817,8,0.27843138901517,31393
Phoebey,22066,HUNTER,186735,698,3,0.70980396354571,8550
Sniffin,22055,MAGE,3568,0,4,0.68235298153013,13412
Micharl,21870,ROGUE,220329,465,4,0.77647063415498,13883
Porga,21865,HUNTER,469453,124,8,0.86666671792045,34334
Kanth,21821,PALADIN,187886,687,3,0.45882355654612,7295
Wellor,21764,DRUID,135381,1050,4,0.43529414338991,12177
Shockolad,21727,PALADIN,592748,73,10,0.55294120917097,42765
Zdc,21572,WARRIOR,342172,202,8,0.71372553240508,33569
Caintime,21518,WARRIOR,304192,230,9,0.56470591574907,37824
Hees,21492,DRUID,711548,41,11,0.92156868195161,49608
Emmettc,21460,WARRIOR,546739,93,11,0.031372550874949,45157
Oyeahx,21245,ROGUE,188410,685,5,0.98039221484214,19902
Tracer,21190,HUNTER,600000,70,8,0.92156868195161,34608
Wuhanre,21107,MAGE,711899,25,12,0.59215689776465,52961
Beijinren,21071,HUNTER,566,0,1,0.85882358020172,0
Marta,20796,MAGE,114778,1263,6,0.023529413156211,20118
Suyuan,20729,PALADIN,400666,157,9,0.94509809510782,39726
Brightside,20695,WARRIOR,600397,68,11,0.08235294604674,45412
Recency,20618,MAGE,158206,880,6,0.02745098201558,20138
Soulrealm,20574,PRIEST,220011,468,6,0.36078433506191,21804
Clr,20410,HUNTER,498781,111,9,0.85490201134235,39275
Pahahuisosi,20323,WARRIOR,48866,2198,3,0.64705886179581,8236
Maltina,20221,ROGUE,197593,644,3,0.93333338852972,9667
Vampirec,20163,PRIEST,86367,1597,3,0.83137259818614,9157
Maxpro,19739,ROGUE,472622,121,8,0.066666670609266,30334
Meirener,19569,MAGE,61602,1967,3,0.54117650259286,7706
Lysandra,19561,WARLOCK,540911,96,9,0.070588239468634,35353
Lastone,19542,MAGE,120057,1200,7,0.59607846662402,27981
Kraftfull,19393,WARRIOR,393433,163,9,0.17254902981222,35863
Twilighting,19345,ROGUE,220124,467,6,0.58823532890528,22942
Xiaodizhu,19252,DRUID,303836,231,6,0.094117652624846,20471
Huaiqishizu,19218,WARRIOR,146030,975,3,0.49803924513981,7491
Tiejiamoon,19097,ROGUE,191852,670,4,0.52156865829602,12608
Sanglel,19049,WARLOCK,522143,102,8,0.41568629909307,32079
Mamilly,19035,WARRIOR,800000,13,13,0.12156863464043,55608
Helene,19001,HUNTER,710740,51,11,0.2117647184059,46059
Pinkybrain,18957,WARRIOR,292912,247,5,0.81960789160803,19099
Xueye,18907,MAGE,165094,835,6,0.57254905346781,22863
Sevenbbs,18873,MAGE,107227,1339,3,0.17647059867159,5883
Kishra,18861,WARRIOR,60689,1985,3,0.63137258635834,8157
Oomph,18802,WARRIOR,51040,2155,10,0.32156864646822,41608
Rainvi,18695,ROGUE,273368,274,9,0.21568628726527,36079
Quailegg,18678,WARRIOR,44542,2307,8,0.05490196403116,30275
Reliza,18607,PALADIN,1303,5296,4,0.8980392687954,14491
Zyndao,18510,ROGUE,375556,174,7,0.90980397537351,29550
Runrunning,18497,MAGE,94492,1498,5,0.6862745503895,18432
Fengsaosao,18490,ROGUE,109241,1320,3,0.35294119734317,6765
Pukgun,18442,MAGE,217160,489,8,0.13333334121853,30667
Akaras,18343,DRUID,40826,2399,4,0.039215687662363,10197
Alttair,18231,WARRIOR,263597,291,7,0.89019613107666,29451
Soldat,17948,WARRIOR,72366,1790,6,0.090196083765477,20451
Xiaoyima,17934,WARRIOR,295606,243,10,0.30588237103075,41530
Njxiaozhi,17746,ROGUE,360549,187,9,0.46666669426486,37334
Mildor,17728,WARRIOR,1020,5695,1,0.92549025081098,0
Nicejober,17660,WARRIOR,569889,81,10,0.60000003548339,43001
Linlin,17650,MAGE,208422,559,9,0.40000002365559,37001
Woshixiaozhi,17608,WARRIOR,390216,165,9,0.30980393989012,36550
Magicdd,17438,MAGE,420502,145,9,0.91372554423288,39569
Piaomiao,16969,HUNTER,104246,1376,7,0.92941181967035,29648
Ganglie,16914,HUNTER,177740,745,3,0.63137258635834,8157
Littleh,16827,HUNTER,7052,3850,2,0.14509804779664,2436
Mypo,16761,PRIEST,170345,795,5,0.97647064598277,19883
Butchers,16487,WARRIOR,680346,55,11,0.3372549219057,46687
Gazze,16326,WARRIOR,584440,75,9,0.45490198768675,37275
Katinka,16220,MAGE,226608,422,6,0.81960789160803,24099
Uri,16192,MAGE,281922,265,9,0.69019611924887,38451
Tatcrazy,16191,DRUID,273165,275,9,0.80392161617056,39020
Biling,16149,WARLOCK,93332,1508,7,0.45882355654612,27295
Kiana,16138,WARRIOR,25482,2883,5,0.14117647893727,15706
Mumusa,16125,PRIEST,800001,11,12,0.60000003548339,53001
Lovejack,16037,HUNTER,49351,2190,6,0.015686275437474,20079
Kemik,16025,HUNTER,157664,883,5,0.60392160434276,18020
Warlockapp,15917,HUNTER,472555,122,10,0.55294120917097,42765
Yincang,15782,ROGUE,88249,1567,3,0.46666669426486,7334
Newmm,15761,MAGE,174539,772,5,0.94901966396719,19746
Monaii,15521,ROGUE,460544,127,9,0.11764706578106,35589
Mlxg,15492,WARRIOR,712486,20,11,0.66274513723329,48314
Yourongnaida,15461,ROGUE,124960,1136,4,0.69019611924887,13451
Grumgel,15439,HUNTER,141718,1002,5,0.11372549692169,15569
Waveyou,15413,WARLOCK,36227,2530,4,0.51372552057728,12569
Zhuduoduo,15411,PALADIN,206533,576,3,0.87843142449856,9393
Murdamayne,15301,WARRIOR,210241,543,4,0.71764710126445,13589
Zjhunhun,15300,WARRIOR,183844,714,6,0.76470592757687,23824
Genest,15249,MAGE,92182,1522,5,0.25098040699959,16255
Shenbzhi,15155,WARRIOR,113184,1279,7,0.90588240651414,29530
Sashapieters,15152,PALADIN,193508,660,4,0.24313726928085,11216
Undertone,15134,PRIEST,7114,3845,2,0.14901961665601,2448
Whispery,14854,WARRIOR,166701,821,4,0.078431377187371,10393
Tigerhunter,14835,HUNTER,163772,845,4,0.54509807145223,12726
Carayao,14786,ROGUE,252222,319,9,0.65882356837392,38295
Mutoudashu,14686,MAGE,298143,241,10,0.44313728110865,42216
Naltira,14658,HUNTER,244052,340,3,0.79215690959245,8961
Tietouzitai,14564,WARRIOR,95186,1482,7,0.42745100567117,27138
Sksanshao,14546,WARRIOR,179194,736,7,0.76470592757687,28824
Suliang,14518,ROGUE,189789,681,4,0.30196080217138,11510
Cateblanchet,14498,MAGE,259347,300,10,0.18431373639032,40922
Diauu,14429,HUNTER,238257,360,5,0.8862745622173,19432
Niubikls,14401,MAGE,243289,342,7,0.84313730476424,29216
Playdead,14391,WARRIOR,337042,207,7,0.75294122099876,28765
Nejno,14388,HUNTER,79781,1687,4,0.050980395171791,10255
Ampzor,14338,DRUID,154691,905,3,0.34509805962443,6726
Heiren,13883,WARRIOR,44832,2296,3,0.78039220301434,8902
Bmu,13831,WARRIOR,712266,22,12,0.44705884996802,52236
Lotharmn,13818,WARRIOR,220732,461,9,0.58431376004592,37922
Sspring,13797,MAGE,244685,337,7,0.14117647893727,25706
Xiaoyoo,13793,ROGUE,177289,749,8,0.37254904164001,31863
Fayzi,13786,ROGUE,203111,600,8,0.20392158068717,31020
Ravenwing,13654,HUNTER,217866,483,6,0.2117647184059,21059
Biantai,13616,MAGE,141572,1003,5,0.70196082582697,18510
Zhangbaibai,13497,ROGUE,190710,672,8,0.65098043065518,33255
Longcong,13494,PRIEST,711724,36,11,0.87450985563919,49373
Pingchangxin,13484,ROGUE,129218,1105,3,0.81960789160803,9099
Swiifty,13463,WARRIOR,291403,249,9,0.29411766445264,36471
Pursuex,13366,ROGUE,195975,651,5,0.086274514906108,15432
Dabaobei,13284,MAGE,288808,252,4,0.92941181967035,14648
Tnd,13258,MAGE,94534,1497,4,0.23921570042148,11197
Baknaffek,13251,MAGE,221033,457,9,0.60000003548339,38001
Warrioryyn,13172,WARRIOR,120234,1198,3,0.22745099384338,6138
Baaldred,13112,DRUID,34669,2584,5,0.70980396354571,18550
Hadeschn,13110,ROGUE,5200,4046,2,0.40000002365559,3201
Cmcc,13093,MAGE,137643,1029,8,0.21568628726527,31079
Bladezbq,13023,PALADIN,302788,234,7,0.25490197585896,26275
Hoviseppo,12935,DRUID,8159,3734,5,0.02745098201558,15138
Grynn,12785,ROGUE,9973,3617,3,0.64313729293644,8216
Rora,12738,HUNTER,73424,1771,5,0.25098040699959,16255
Rivan,12674,ROGUE,64465,1916,8,0.25490197585896,31275
Milhousqiqi,12636,MAGE,121038,1184,5,0.1372549100779,15687
Hashiqia,12618,MAGE,454506,130,9,0.96470593940467,39824
Piaobaba,12540,HUNTER,272174,278,5,0.0078431377187371,15040
Lamegirl,12433,HUNTER,180782,729,4,0.65490199951455,13275
Walian,12420,PALADIN,154247,910,4,0.98431378370151,14922
Tuzei,12376,WARRIOR,107286,1338,8,0.35294119734317,31765
Deadlyelf,12353,ROGUE,173619,774,6,0.93333338852972,24667
Wegaa,12316,MAGE,10377,3593,3,0.52156865829602,7608
Shalltear,12266,HUNTER,102028,1396,8,0.031372550874949,30157
Esilda,12265,WARRIOR,417897,148,8,0.2117647184059,31059
Chunfen,12217,PRIEST,190608,673,8,0.87843142449856,34393
Alss,12179,WARLOCK,55509,2066,3,0.98039221484214,9902
Slowxp,12135,MAGE,294701,244,9,0.27058825129643,36353
Annamaria,12096,MAGE,288375,257,9,0.70980396354571,38550
Feigedebtlr,12076,HUNTER,44770,2298,6,0.67058827495202,23353
Xiaolengba,12072,HUNTER,160445,869,5,0.57647062232718,17883
Klassniy,12030,MAGE,62777,1951,3,0.31764707760885,6589
Chaka,12013,ROGUE,252277,318,8,0.80784318502992,34040
Dgoss,11981,PALADIN,101550,1407,6,0.83137259818614,24157
Toudaozhiren,11965,ROGUE,289193,251,8,0.83137259818614,34157
Tobold,11945,PRIEST,101375,1409,3,0.8352941670455,9177
Avidiot,11945,MAGE,2834,0,0,0,0
Yaolight,11923,MAGE,34556,2586,5,0.10196079034358,15510
Lollie,11872,WARRIOR,385383,169,9,0.63137258635834,38157
Einsof,11818,PRIEST,64316,1920,5,0.65882356837392,18295
Sondir,11571,WARRIOR,186753,696,8,0.61568631092086,33079
Daarkness,11549,WARLOCK,258179,304,8,0.023529413156211,30118
Coldsoup,11542,ROGUE,24441,2917,3,0.56862748460844,7844
Zaniliaying,11474,HUNTER,172739,781,4,0.92156868195161,14608
Kaelias,11473,HUNTER,29351,2755,3,0.87058828677982,9353
Bobadillan,11440,WARRIOR,506090,107,11,0.043137257453054,45216
Biubiuta,11229,WARLOCK,250189,323,8,0.6862745503895,33432
Ggup,11000,HUNTER,9778,3628,2,0.31372550874949,2942
Judgechuck,10988,WARRIOR,73318,1774,3,0.26274511357769,6314
Bbin,10988,WARLOCK,341838,203,10,0.87843142449856,44393
Faroreswind,10924,DRUID,565712,84,11,0.36470590392128,46824
Dtramp,10922,PALADIN,181405,725,7,0.45098041882738,27255
Kurazh,10908,HUNTER,108761,1326,4,0.20784314954653,11040
Rubberduff,10868,PALADIN,52794,2120,4,0.67058827495202,13353
Vedmak,10759,ROGUE,31323,2688,4,0.38431374821812,11922
Zebulon,10736,WARLOCK,175778,762,4,0.15686275437474,10785
Chaoxx,10716,HUNTER,120751,1191,3,0.9725490771234,9863
Alzs,10704,WARRIOR,99429,1435,8,0.35294119734317,31765
Mbox,10573,ROGUE,36116,2532,3,0.20784314954653,6040
Amoreestar,10418,HUNTER,78911,1700,6,0.047058826312423,20236
Zaal,10367,MAGE,110874,1307,4,0.0078431377187371,10040
Hotwife,10329,HUNTER,220633,464,5,0.36862747278064,16844
Evirios,10293,MAGE,90551,1543,5,0.21960785612464,16099
Olympian,10210,WARRIOR,501388,109,9,0.69019611924887,0
Laonayibo,10132,MAGE,54893,2085,10,0.086274514906108,40432
Foamposite,10045,WARRIOR,154490,906,6,0.40000002365559,22001
Vivo,10038,WARLOCK,203987,597,7,0.66666670609266,28334
Minitrouble,10031,WARRIOR,377993,172,10,0.4117647302337,42059
Gabi,9994,HUNTER,73361,1772,4,0.23529413156211,11177
Ezero,9931,PALADIN,23529,2957,6,0.15686275437474,20785
Sevendays,9899,WARLOCK,544,0,1,0.11764706578106,0
Golzor,9869,WARRIOR,118745,1219,6,0.95294123282656,24765
Biubebiu,9855,HUNTER,2499,4546,3,0.55294120917097,7765
Anetta,9809,WARRIOR,364821,185,9,0.72941180784255,38648
Resistens,9786,PALADIN,211490,535,6,0.4862745385617,22432
Babyflushup,9786,HUNTER,17522,3186,2,0.62745101749897,3883
Xiaoren,9616,MAGE,164908,837,4,0.80000004731119,14001
Daubadin,9490,PALADIN,274207,273,9,0.0078431377187371,35040
Gagamoon,9483,DRUID,121754,1177,8,0.45882355654612,32295
Luckyh,9459,HUNTER,63395,1939,4,0.23529413156211,11177
Pintsizedhlz,9446,PRIEST,233863,386,7,0.39607845479622,26981
Miyukix,9422,PRIEST,507675,106,4,0.46666669426486,12334
Buer,9336,MAGE,160978,864,4,0.25882354471833,11295
Besteuw,9336,ROGUE,129698,1099,3,0.44705884996802,7236
Ageless,9324,WARLOCK,6274,3939,3,0.84705887362361,9236
Prohlada,9320,PRIEST,330,0,1,0.53333336487412,0
Whitecomet,9294,ROGUE,230095,403,9,0.97647064598277,39883
Kelrika,9285,PRIEST,248486,327,7,0.65098043065518,28255
Wrinimeifu,9255,ROGUE,47911,2221,3,0.25882354471833,6295
Teaworker,9231,WARRIOR,349237,198,10,0.36862747278064,41844
Notrly,9091,MAGE,422298,143,9,0.17254902981222,35863
Cswift,8965,MAGE,320925,217,10,0.75294122099876,43765
Justbiu,8961,MAGE,79807,1686,6,0.92156868195161,24608
Laoyezi,8923,MAGE,32548,2641,5,0.61960787978023,18099
Mog,8889,WARRIOR,102973,1386,3,0.57254905346781,7863
Whitedz,8883,ROGUE,35383,2557,4,0.08235294604674,10412
Voldemort,8751,MAGE,43668,2331,4,0.9607843705453,14804
Saltjee,8712,PRIEST,711391,48,12,0.50588238285854,52530
Dabbys,8706,HUNTER,16994,3214,7,0.023529413156211,25118
Henghenghaha,8677,HUNTER,91711,1526,5,0.19215687410906,15961
Xcabli,8647,WARRIOR,193108,664,10,0.43529414338991,42177
Dipz,8630,ROGUE,547440,92,7,0.15294118551537,25765
Clowm,8602,MAGE,165527,833,5,0.54509807145223,17726
Iluen,8539,HUNTER,86146,1599,3,0.19607844296843,5981
Cathernia,8528,WARRIOR,49186,2193,5,0.34117649076507,16706
Baojuhua,8525,ROGUE,29561,2747,2,0.8862745622173,4659
Xiabb,8454,MAGE,196228,648,5,0.34117649076507,16706
Galawen,8376,PALADIN,19574,3106,2,0.44313728110865,3330
Meilidama,8336,ROGUE,53808,2105,5,0.58039219118655,17902
Gpp,8269,MAGE,156806,891,6,0.41960786795244,22099
Qiqibaobao,8256,MAGE,129793,1098,5,0.79215690959245,18961
Ej,8254,ROGUE,367704,182,4,0.34117649076507,11706
Edwardteach,8187,WARRIOR,487879,114,11,0.10980392806232,45550
Jwjw,8135,WARRIOR,205575,583,4,0.27843138901517,11393
Oraakkeli,8095,MAGE,311127,224,7,0.047058826312423,25236
Shyflower,8022,MAGE,144248,987,4,0.76470592757687,13824
Zhuhou,7911,MAGE,97239,1453,6,0.73725491762161,23687
Ironsheep,7863,HUNTER,175695,763,6,0.97647064598277,24883
Dyxaz,7835,PALADIN,90762,1538,6,0.20784314954653,21040
Liathano,7808,PALADIN,155308,901,7,0.8235294604674,29118
Nafentruv,7743,MAGE,215478,504,8,0.81176475388929,34059
Daybyday,7701,MAGE,48115,2212,11,0.33333335304633,46667
Avn,7669,WARRIOR,596052,72,10,0.70196082582697,43510
Wonderfull,7648,WARRIOR,70630,1813,5,0.90196083765477,19510
Chemdog,7573,ROGUE,290414,250,10,0.18431373639032,40922
Gete,7567,MAGE,129204,1106,4,0.20392158068717,11020
Grumahrr,7554,DRUID,99989,1428,3,0.46274512540549,7314
Ssrider,7533,WARLOCK,21407,3040,2,0.47058826312423,3412
Urwel,7523,MAGE,288709,253,7,0.074509808328003,25373
Cheburator,7488,ROGUE,58117,2030,5,0.84313730476424,19216
Imprisonsoul,7481,WARRIOR,121429,1182,4,0.043137257453054,10216
Vjk,7475,DRUID,36391,2524,8,0.92549025081098,34628
Mgaogao,7451,HUNTER,103150,1385,3,0.95294123282656,9765
Chenhh,7436,HUNTER,419433,147,8,0.011764706578106,30059
Macelm,7426,MAGE,74104,1759,4,0.3372549219057,11687
Alvarez,7336,MAGE,231253,399,7,0.42745100567117,27138
Ellipsea,7317,PRIEST,473117,119,9,0.69019611924887,38451
Candyshop,7299,ROGUE,253006,317,5,0.67450984381139,18373
Kowtow,7171,WARLOCK,106423,1347,7,0.011764706578106,25059
Xiaotiancai,7088,MAGE,82330,1657,3,0.047058826312423,5236
Envyme,7057,WARRIOR,58334,2025,8,0.27058825129643,31353
Ricie,7045,WARRIOR,66968,1872,6,0.65490199951455,23275
Vorazin,6987,DRUID,733,0,4,0.49411767628044,12471
Peqq,6983,WARRIOR,131186,1087,5,0.25882354471833,16295
Heiha,6958,PALADIN,31233,2690,7,0.32156864646822,26608
Natas,6891,ROGUE,16467,3241,2,0.67843141267076,4036
Zidas,6875,MAGE,177763,744,4,0.55294120917097,12765
Alsaria,6854,WARRIOR,116940,1244,4,0.8980392687954,14491
Guamei,6756,MAGE,32530,2643,2,0.63921572407708,3918
Tealanor,6707,HUNTER,151915,927,4,0.83921573590487,14197
Yanlr,6601,HUNTER,39411,2444,3,0.92549025081098,9628
Winidrunner,6599,HUNTER,371498,178,10,0.17647059867159,40883
Ladlay,6582,ROGUE,46244,2253,3,0.84705887362361,9236
Astrog,6455,PALADIN,60685,1986,3,0.4117647302337,7059
Hoides,6454,WARRIOR,193362,661,5,0.23529413156211,16177
Nilona,6452,HUNTER,5705,3993,2,0.50196081399918,3506
Struggled,6447,WARRIOR,56936,2045,3,0.98039221484214,9902
Wzill,6442,HUNTER,1200,5440,7,0.3490196284838,26746
Chakal,6418,ROGUE,105382,1359,5,0.023529413156211,15118
Lasia,6410,MAGE,224089,437,4,0.83137259818614,14157
Dexing,6410,DRUID,6321,3931,2,0.29803923331201,2895
Salazir,6397,MAGE,334571,210,8,0.050980395171791,30255
Xiachedan,6387,HUNTER,0,0,4,0.043137257453054,10216
Smellsgood,6362,WARLOCK,134704,1057,3,0.57254905346781,7863
Bllizard,6362,MAGE,15417,3293,3,0.094117652624846,5471
Shishenguila,6349,HUNTER,16778,3224,2,0.59215689776465,3777
Djoubi,6302,PALADIN,397351,161,11,0.6235294486396,48118
Weaker,6267,MAGE,241,7751,1,0.08235294604674,0
Nightbladel,6258,ROGUE,113937,1272,3,0.5607843468897,7804
Nohealzzforu,6222,PRIEST,29676,2744,3,0.035294119734317,5177
Admzs,6217,WARRIOR,1971,4797,3,0.75294122099876,8765
Tinnypen,6199,PALADIN,99471,1433,5,0.77254906529561,18863
Tarmac,6196,WARRIOR,318001,218,5,0.92941181967035,19648
Jayfield,6165,WARRIOR,427890,141,7,0.92941181967035,29648
Shinesilver,6105,WARRIOR,115042,1260,3,0.9725490771234,9863
Lmwodi,6081,WARRIOR,8729,3699,2,0.77254906529561,4318
Huntthehorde,6024,HUNTER,40222,2417,2,0.97647064598277,4930
Oxymaron,6023,MAGE,370601,179,10,0.2000000118278,41001
Esilio,6010,HUNTER,117622,1231,8,0.18431373639032,30922
Sanantonio,6000,PRIEST,209179,554,7,0.6980392569676,28491
Silbertau,5960,ROGUE,174818,770,4,0.92156868195161,14608
Cntntss,5869,WARLOCK,170057,797,3,0.43921571224928,7197
Yunyifeng,5856,HUNTER,25168,2895,5,0.5490196403116,17746
Gankalot,5808,ROGUE,263258,294,9,0.43137257453054,37157
Aethra,5754,ROGUE,202695,605,7,0.78823534073308,28942
Pluoli,5729,PALADIN,11366,3539,2,0.29803923331201,2895
Tuanna,5629,MAGE,52240,2131,5,0.94901966396719,19746
Yoxan,5620,MAGE,15804,3273,2,0.83921573590487,4518
Lililee,5586,ROGUE,5424,4021,5,0.062745101749897,15314
Namchi,5557,WARLOCK,31223,2691,3,0.90196083765477,9510
Qinqinni,5527,WARRIOR,53784,2107,6,0.94117652624846,24706
Annapan,5480,ROGUE,161076,863,4,0.89411769993603,14471
Xiaodoushi,5446,PALADIN,237277,365,8,0.39215688593686,31961
Cioccolata,5379,MAGE,742,0,1,0.75686278985813,0
Supdvach,5343,PALADIN,64308,1921,4,0.72941180784255,13648
Jasonstatha,5335,MAGE,129285,1103,8,0.039215688593686,30197
Oldwl,5334,WARLOCK,92100,1523,6,0.035294119734317,20177
Roster,5274,HUNTER,20059,3088,2,0.45098041882738,3353
Blossom,5230,DRUID,73966,1762,11,0.078431377187371,45393
Reechani,5165,ROGUE,455,0,1,0.090196083765477,0
Timira,5091,MAGE,611735,65,10,0.10196079034358,40510
Tajsam,5057,WARLOCK,316746,220,6,0.80000004731119,24001
Masonhan,5055,ROGUE,83809,1631,4,0.52549022715539,12628
Naega,5040,PALADIN,48163,2209,3,0.31372550874949,6569
Moopp,5017,ROGUE,23853,2939,5,0.77254906529561,18863
Zeelay,5004,PALADIN,105449,1358,9,0.60392160434276,38020
Marinna,4963,ROGUE,86518,1592,3,0.21568628726527,6079
Eeve,4953,MAGE,622633,63,8,0.97647064598277,34883
Alladeen,4852,HUNTER,278414,268,9,0.60392160434276,38020
Heishou,4849,WARRIOR,208881,557,8,0.66274513723329,33314
Zaff,4846,WARRIOR,202419,609,7,0.83921573590487,29197
Excaliburs,4816,WARRIOR,569779,82,12,0.26274511357769,51314
Wendyt,4731,WARLOCK,2060,4751,3,0.23529413156211,6177
Fordingqs,4724,PALADIN,234162,384,6,0.3490196284838,21746
Daheishou,4708,WARRIOR,159549,874,4,0.5607843468897,12804
Xiaohuli,4692,MAGE,246781,332,8,0.12549020349979,30628
Buyaotuo,4664,MAGE,1709,4952,2,0.098039221484214,2295
Tyrodinson,4652,ROGUE,90930,1537,3,0.58431376004592,7922
Nighthunte,4638,HUNTER,97809,1450,6,0.80392161617056,24020
Chenccp,4600,WARRIOR,160449,868,8,0.43137257453054,32157
Flyingapsar,4582,PRIEST,21049,3053,7,0.30980393989012,26550
Ciwang,4582,MAGE,48,0,3,0.047058826312423,5236
Isa,4571,WARRIOR,711362,49,11,0.87843142449856,49393
Mercedes,4536,ROGUE,58085,2032,3,0.65098043065518,8255
Merzky,4535,ROGUE,425,0,8,0.6862745503895,33432
Otxo,4533,WARRIOR,50029,2179,5,0.61568631092086,18079
Daniella,4504,HUNTER,120969,1186,4,0.43137257453054,12157
Raymondchai,4499,HUNTER,211920,530,3,0.65882356837392,8295
Noxxic,4426,HUNTER,14446,3334,3,0.61568631092086,8079
Wuer,4336,HUNTER,23817,2941,5,0.17254902981222,15863
Ufa,4320,MAGE,1812,4891,6,0.61960787978023,23099
Brownbear,4317,HUNTER,21915,3024,4,0.40000002365559,12001
Rivologi,4305,HUNTER,38207,2480,3,0.074509808328003,5373
Bannanas,4299,MAGE,44767,2299,3,0.60784317320213,8040
Ninefather,4296,MAGE,264311,289,8,0.22352942498401,31118
Tsnxshirima,4269,HUNTER,11136,3552,5,0.81568632274866,19079
Shoufataicha,4239,MAGE,28288,2794,2,0.67843141267076,4036
Wuzhao,4234,HUNTER,107985,1334,6,0.93333338852972,24667
Rokayah,4216,PALADIN,51076,2154,4,0.83137259818614,14157
Shiggys,4152,HUNTER,309895,226,6,0.53333336487412,22667
Sixge,4129,HUNTER,4440,4155,5,0.47058826312423,17353
Laigansini,4118,HUNTER,62409,1955,8,0.45098041882738,32255
Edgahr,4099,DRUID,9411,3653,2,0.26666668243706,2801
Fengdou,4093,MAGE,17546,3184,4,0.22352942498401,11118
Bigjiji,4080,MAGE,161679,859,8,0.72549023898318,33628
Zouni,4077,WARRIOR,463,0,5,0.41568629909307,17079
Fasi,4065,MAGE,48275,2207,4,0.12941177235916,10648
Carbanes,4029,MAGE,80418,1676,7,0.72941180784255,28648
Threenine,4022,WARRIOR,5717,3992,4,0.5490196403116,12746
Douyin,3990,ROGUE,115033,1261,5,0.55294120917097,17765
Matsui,3967,MAGE,205895,580,7,0.19607844296843,25981
Wrenzo,3949,MAGE,123024,1165,7,0.83137259818614,29157
Contemporary,3939,PRIEST,301311,238,5,0.53333336487412,17667
Henaima,3930,PRIEST,12382,3465,2,0.33333335304633,3001
Mpuremoon,3859,HUNTER,2381,4603,6,0.031372550874949,20157
Bluestarry,3834,PALADIN,113262,1278,4,0.91764711309224,14589
Yuzada,3819,WARLOCK,131777,1082,9,0.12156863464043,35608
Dajiangjun,3784,WARRIOR,321479,216,7,0,25000
Phh,3782,ROGUE,174593,771,4,0.38039217935875,11902
Uugz,3759,ROGUE,43999,2320,5,0.87843142449856,19393
Boomkk,3759,HUNTER,98576,1441,3,0.15294118551537,5765
Ramirez,3744,HUNTER,151300,932,6,0.51372552057728,22569
Ilwc,3736,HUNTER,84175,1629,5,0.086274514906108,15432
Macelc,3720,PRIEST,42014,2370,4,0.78823534073308,13942
Demented,3712,WARRIOR,214685,511,8,0.67450984381139,33373
Yaphetsx,3705,HUNTER,236,0,2,0.6117647420615,3836
Papax,3701,DRUID,101346,1411,4,0.78431377187371,13922
Aquatic,3656,MAGE,141337,1005,4,0.73333337670192,13667
Ardley,3605,WARRIOR,22116,3013,7,0.28627452673391,26432
Reduochang,3583,HUNTER,212130,529,5,0.52156865829602,17608
Legendlene,3577,HUNTER,60305,1992,4,0.30196080217138,11510
Imbubu,3569,MAGE,31770,2671,7,0.02745098201558,25138
Valonya,3568,WARRIOR,57648,2038,5,0.37254904164001,16863
Mitchbade,3542,HUNTER,4813,0,3,0.72941180784255,8648
Xixida,3537,WARLOCK,285587,261,9,0.35686276620254,36785
Daxiaren,3536,MAGE,688,0,1,0.08235294604674,0
Aasisimo,3454,WARRIOR,26825,2838,4,0.92549025081098,14628
Lapa,3453,HUNTER,44741,2300,4,0.12156863464043,10608
Thorug,3417,PRIEST,223309,441,5,0.52156865829602,17608
Lemanrus,3403,PALADIN,45203,2286,6,0.70588239468634,23530
Ginsengz,3391,WARLOCK,96979,1456,3,0.37647061049938,6883
Xiaoyeyu,3381,HUNTER,218853,478,4,0.64313729293644,13216
Lochnar,3302,PRIEST,671063,56,11,0.38431374821812,46922
Geraltr,3237,DRUID,37510,2495,8,0.17254902981222,30863
Meet,3230,MAGE,83088,1641,5,0.61960787978023,18099
Rapounzel,3192,WARRIOR,594,6588,3,0.69411768810824,8471
Laofaye,3149,HUNTER,202710,603,5,0.45490198768675,17275
Qualcuno,3147,HUNTER,4276,4176,3,0.56862748460844,7844
Ethna,3100,PRIEST,18570,3143,5,0.6117647420615,18059
Canpangpang,3074,WARRIOR,7848,3763,3,0.62745101749897,8138
Teenie,3021,WARLOCK,311218,223,10,0.26666668243706,41334
Pime,2939,WARLOCK,118620,1224,8,0.28235295787454,31412
Iadyboy,2918,HUNTER,8691,3703,4,0.25882354471833,11295
Xinuo,2911,HUNTER,31078,2697,7,0.20784314954653,26040
Haxxdags,2886,PRIEST,135017,1054,4,0.6862745503895,13432
Northsnow,2840,MAGE,5819,3982,3,0.65490199951455,8275
Palapaling,2822,PALADIN,358042,190,7,0.49411767628044,0
Frostpain,2714,MAGE,277153,270,7,0.18431373639032,25922
Lr,2647,HUNTER,1688,4967,4,0.22745099384338,11138
Gansitafs,2611,MAGE,54619,2091,3,0.74117651442066,8706
Beefjurkey,2601,WARLOCK,711499,43,11,0.70980396354571,48550
Dabodan,2583,HUNTER,254477,314,6,0.97647064598277,24883
Habby,2580,WARRIOR,75421,1740,6,0.60392160434276,23020
Crunchytime,2551,DRUID,124322,1141,5,0.77647063415498,18883
Junglekiller,2524,HUNTER,387,0,0,0,0
Jonh,2504,PALADIN,47498,2229,3,0.54117650259286,7706
Kulala,2497,MAGE,789,6090,2,0.098039221484214,2295
Wipplol,2462,HUNTER,124654,1138,6,0.6117647420615,23059
Missko,2430,WARLOCK,260225,298,5,0.45098041882738,17255
Funderful,2401,PALADIN,9892,0,1,0.19215687410906,0
Unknown,2354,PALADIN,397351,161,11,0.6235294486396,48118
Cocanina,2340,MAGE,247726,329,10,0.92941181967035,44648
Goshzilla,2295,MAGE,426267,142,7,0.78431377187371,28922
Freshture,2263,ROGUE,118559,1225,8,0.49019610742107,32451
Sagittar,2166,HUNTER,17879,3165,3,0.29803923331201,6491
Nevergg,2150,MAGE,13428,3399,5,0.39215686917305,16961
Meggy,2134,HUNTER,67051,1866,8,0.89411769993603,34471
Notnrg,2123,WARLOCK,6653,3886,5,0.086274514906108,15432
Xiaoniuer,2110,WARRIOR,134009,1063,5,0.29019609559327,16451
Korven,2085,PRIEST,185407,705,6,0.57254905346781,22863
Ourhour,2044,MAGE,128109,1112,6,0.75686278985813,23785
Mwah,2022,HUNTER,17965,3160,3,0.25490197585896,6275
Meatmincer,1994,HUNTER,11026,3560,3,0.29803923331201,6491
Chuihan,1953,PRIEST,3627,0,3,0.68235298153013,8412
Jukeme,1923,ROGUE,149829,942,5,0.023529413156211,15118
Ardhonadar,1903,WARRIOR,186113,702,5,0.14901961665601,15746
Lingmeng,1892,MAGE,711716,38,11,0.23921570042148,46197
Natruebuty,1854,DRUID,39737,2434,5,0.074509808328003,15373
Ertijiao,1852,MAGE,351426,193,10,0.098039221484214,40491
Ticksnleechs,1791,WARLOCK,452648,131,7,0.61960787978023,28099
Juurihoito,1765,DRUID,104379,1373,3,0.89019613107666,9451
Halpp,1765,PALADIN,10664,3582,3,0.29803923331201,6491
Snowblade,1738,ROGUE,783,6107,3,0.019607844296843,5099
Ipis,1730,HUNTER,2896,4417,5,0.63921572407708,18197
Djobe,1702,MAGE,1285,5324,1,0.53725493373349,0
Lauwz,1675,WARRIOR,149704,944,5,0.87450985563919,19373
Werzi,1674,HUNTER,202372,610,4,0.8352941670455,14177
Starmirage,1655,WARRIOR,17486,3188,5,0.26274511357769,16314
Synora,1651,WARRIOR,220814,460,4,0.71764710126445,13589
Qwynri,1634,HUNTER,45875,2261,4,0.38823531707749,11942
Breadstick,1628,HUNTER,328578,212,9,0.9607843705453,39804
Amc,1604,HUNTER,0,0,6,0.29803923331201,21491
Rgmz,1603,WARRIOR,219058,475,9,0.18431373639032,35922
Dogslayer,1598,MAGE,72795,1781,4,0.55686277803034,12785
Nianshiguang,1592,HUNTER,66317,1887,4,0.070588239468634,10353
Metrimela,1570,WARRIOR,3074,4375,3,0.65882356837392,8295
Cornbread,1560,WARRIOR,186741,697,7,0.066666670609266,25334
Arcteryz,1516,HUNTER,6237,3942,4,0.3490196284838,11746
Jutesack,1512,WARRIOR,15,0,0,0,0
Pakey,1510,WARRIOR,800004,10,13,0.76470592757687,58824
Flybirdii,1505,HUNTER,1714,4948,5,0.82745102932677,19138
Triceraton,1498,HUNTER,1027,5684,7,0.043137257453054,25216
Xwm,1490,WARRIOR,4983,4071,2,0.074509808328003,2224
Wei,1483,HUNTER,581,0,4,0.9725490771234,14863
Xentaruman,1476,MAGE,12738,3442,3,0.77254906529561,8863
Littleirene,1475,MAGE,620,0,1,0.31764707760885,0
Cools,1454,WARLOCK,0,0,3,0.60000003548339,8001
Wuliqunao,1431,MAGE,7887,3756,5,0.35294119734317,16765
Papatinker,1422,MAGE,105212,1362,5,0.69411768810824,18471
Gladiatorxd,1417,DRUID,127398,1114,5,0.1372549100779,15687
Mebb,1399,HUNTER,32328,2648,3,0.05490196403116,5275
Ticktackbar,1382,WARRIOR,152243,923,8,0.4862745385617,32432
Lightshope,1378,HUNTER,29620,2746,2,0.72156867012382,4165
Kittin,1354,MAGE,105124,1364,5,0.1843137294054,15922
Ultor,1353,ROGUE,4465,4149,2,0.51764708943665,3553
Buntaro,1351,DRUID,207676,567,5,0.69019611924887,18451
Pyhimys,1337,PALADIN,208217,562,5,0.090196083765477,15451
Xiaoweiba,1330,PALADIN,7743,3781,5,0.26274511357769,16314
Kyticzka,1327,WARRIOR,66603,1877,7,0.10196079034358,25510
Fanrius,1324,DRUID,239393,355,5,0.27058825129643,16353
Jo,1312,HUNTER,21446,3038,3,0.29803923331201,6491
Brightmoon,1296,MAGE,1009,5711,6,0.3372549219057,21687
Luxopadka,1292,HUNTER,1553,5064,1,0.61960787978023,0
Facaimeng,1234,MAGE,124360,1140,6,0.19607844296843,20981
Velle,1225,WARRIOR,70291,1818,8,0.13333334121853,30667
Kaxilani,1204,HUNTER,416290,150,4,0.76862749643624,13844
Droodix,1201,DRUID,101941,1400,6,0.65490199951455,23275
Sanbingjian,1200,MAGE,175235,766,5,0.23137256270275,16157
Faatcat,1166,DRUID,88193,1569,3,0.98431378370151,9922
Kam,1163,WARRIOR,13245,3411,4,0.40392159251496,12020
Thorelia,1156,PALADIN,92878,1510,7,0.58431376004592,27922
Xpp,1153,ROGUE,82406,1655,3,0.71372553240508,8569
Djsemmeymix,1143,HUNTER,749,6184,8,0.60784317320213,33040
Hitcleave,1137,PALADIN,5192,4047,4,0.39607845479622,11981
Bingliang,1127,PALADIN,68333,1849,5,0.086274512112141,15432
Bolivar,1115,PALADIN,103329,1384,4,0.81176475388929,14059
Honeysuckle,1095,WARRIOR,184744,709,6,0.19215687410906,20961
Dyfangzhou,1082,MAGE,42157,2365,3,0.10588235920295,5530
Leyf,1028,PALADIN,96384,1465,3,0.63921572407708,8197
Mahjongsun,1009,MAGE,715152,16,13,0.0078431377187371,55040
Footoo,1004,ROGUE,110121,1313,4,0.65490199951455,13275
Eatfresh,968,WARLOCK,20655,3066,3,0.79607847845182,8981
Bbqyou,950,MAGE,440,0,0,0,0
Designationx,929,MAGE,7136,3842,3,0.29411766445264,6471
Ghalmaraz,920,PALADIN,628,6475,1,0.23137256270275,0
Happyforeve,897,HUNTER,354,0,0,0,0
Ikiterunaway,891,HUNTER,12081,3488,2,0.32156864646822,2965
Mikelan,846,PRIEST,249243,324,5,0.79215690959245,18961
Socso,845,PRIEST,522,6570,1,0.17647059867159,0
Crazywizard,844,MAGE,1949,4813,6,0.65882356837392,23295
Zhimadou,840,DRUID,10,0,0,0,0
Aisaras,838,HUNTER,233,0,0,0,0
Magichmm,830,ROGUE,800021,5,14,0.058823532890528,60295
未知目标,796,MAGE,165527,833,5,0.54509807145223,0
Badshooter,796,HUNTER,12025,3491,5,0.39607845479622,16981
Nanagongzhu,786,MAGE,1512,5097,2,0.61960787978023,3859
Szelest,774,ROGUE,1098,5592,1,0.90980397537351,0
Yuly,767,MAGE,467,0,3,0.37254904164001,6863
Nohtera,759,WARLOCK,207452,570,9,0.015686275437474,35079
Azhanshi,753,ROGUE,3737,4247,2,0.031372550874949,2095
Nivida,733,HUNTER,7759,3776,2,0.17254902981222,2518
Yummytreat,725,MAGE,232,7772,1,0.08235294604674,0
Microdose,707,MAGE,553739,89,11,0.79215690959245,48961
Jamescook,687,MAGE,1225,5400,2,0.43529414338991,3306
Atrapagansos,682,HUNTER,754,6171,1,0.90980397537351,0
Arzky,679,HUNTER,32178,2655,4,0.63137258635834,13157
Zooc,666,PALADIN,703,6285,1,0.76470592757687,0
Longu,666,HUNTER,12,0,0,0,0
Leekolasse,639,HUNTER,1252,5366,1,0.52941179601476,0
Chinazei,635,ROGUE,28,0,0,0,0
Dwarfthieve,629,ROGUE,35772,2538,5,0.77254906529561,18863
Adolt,616,HUNTER,30,0,2,0.74509808328003,4236
Ilxl,612,MAGE,1001,5725,5,0.45098041882738,17255
Coolgo,606,WARRIOR,50394,2171,6,0.64705886179581,23236
Orangedzmoon,577,ROGUE,5625,4001,3,0.33333335304633,6667
Iomyrka,568,DRUID,1107,5577,1,0.85098044248298,0
Noyzismash,547,WARRIOR,89,0,1,0.21568628726527,0
Killyourmind,511,ROGUE,239051,357,5,0.8235294604674,19118
Tenain,507,HUNTER,12754,3440,2,0.3372549219057,3012
Opx,503,WARRIOR,372,7296,3,0.30980393989012,6550
Naarash,488,WARRIOR,1518,5088,1,0.60784317320213,0
Thunderwall,485,PALADIN,1553,5063,1,0.61960787978023,0
Mtegodless,480,WARRIOR,353,7364,1,0.12549020349979,0
Pdk,472,HUNTER,1162,5497,2,0.33333335304633,3001
Hungryhakan,469,DRUID,2412,4587,2,0.74509808328003,4236
Augel,458,WARRIOR,82,0,0,0,0
Baoyu,442,HUNTER,4,0,0,0,0
Bootique,438,HUNTER,3660,4261,3,0.29803923331201,6491
Zggdz,432,ROGUE,6537,3904,2,0.12941177235916,2389
Flerp,403,WARRIOR,238,0,0,0,0
Aubird,401,MAGE,30987,2701,3,0.16078432323411,5804
Mostlyholy,395,PRIEST,592,6597,1,0.2117647184059,0
Lucilda,392,WARRIOR,227,0,0,0,0
Guangmin,392,PALADIN,65561,1896,4,0.019607844296843,10099
Mmcc,380,MAGE,1204,5432,1,0.85882358020172,0
Jesulus,373,ROGUE,357,7345,1,0.12549020349979,0
Ulricaz,347,WARRIOR,0,0,0,0,0
Ibbzy,305,WARRIOR,0,0,0,0,0
Yibi,291,ROGUE,7024,3854,3,0.29803923331201,6491
Bigmama,279,PRIEST,260348,297,6,0.93333338852972,24667
Rightegg,226,PALADIN,5526,4012,2,0.94901966396719,4848
Daidaoshiwei,192,WARLOCK,684,6341,1,0.43529414338991,0
Xiaopeiwang,167,ROGUE,281,7615,1,0.098039221484214,0
Tangdynasty,164,WARRIOR,1211,5424,3,0.60000003548339,8001
Annova,163,ROGUE,643,6431,1,0.23921570042148,0
Prunejuice,148,WARRIOR,22,0,0,0,0
Omogaysex,144,WARLOCK,0,0,0,0,0
Hiervajo,139,DRUID,0,0,0,0,0
Melory,39,MAGE,632119,60,12,0.05490196403116,0
Yiyayiya,16,WARLOCK,27392,2825,8,0.066666670609266,0
Tpaa,11,ROGUE,101454,1408,5,0.22745099384338,0
